"keyword","seed","database","monthly_search_volume_estimate","semrush_kd","metric_age_shown","reviewed_on","destination","handling"
"how accurate is chinese gender predictor","chinese gender predictor","US","320","22","1 month","2026-10-09","/accuracy/#calendar-accuracy","Existing evidence answer, accuracy synonyms merged"
"how accurate is the chinese gender predictor","chinese gender predictor","US","140","35","1 month","2026-10-09","/accuracy/#calendar-accuracy","Existing evidence answer, accuracy synonyms merged"
"is chinese gender predictor accurate","chinese gender predictor","US","110","30","1 month","2026-10-09","/accuracy/#calendar-accuracy","Existing evidence answer, accuracy synonyms merged"
"how does chinese gender predictor work","chinese gender predictor","US","20","unavailable","refresh / unavailable","2026-10-09","/how-it-works/#start-with-regular-calendar-dates","Homepage practical answer and chart instructions"
"how to use chinese gender predictor chart","chinese gender predictor","US","20","unavailable","refresh / unavailable","2026-10-09","/how-it-works/#start-with-regular-calendar-dates","Homepage practical answer and chart instructions"
"what is conception date in chinese gender predictor","chinese gender predictor","US","20","unavailable","refresh / unavailable","2026-10-09","/how-it-works/#conception-date-or-due-date","Clarify conception date versus due-date estimate"
"how accurate is the chinese gender calendar","chinese gender calendar","US","590","18","1 month","2026-10-09","/accuracy/#calendar-accuracy","Existing evidence answer, accuracy synonyms merged"
"how to use chinese calendar baby gender","chinese gender calendar","US","390","44","1 month","2026-10-09","/how-it-works/#start-with-regular-calendar-dates","Homepage practical answer and chart instructions"
"how does the chinese gender calendar work","chinese gender calendar","US","260","37","1 month","2026-10-09","/how-it-works/#start-with-regular-calendar-dates","Homepage practical answer and chart instructions"
"how to use chinese gender calendar","chinese gender calendar","US","210","38","1 month","2026-10-09","/how-it-works/#start-with-regular-calendar-dates","Homepage practical answer and chart instructions"
"how to read a chinese gender calendar","chinese gender calendar","US","140","59","1 month","2026-10-09","/how-it-works/#start-with-regular-calendar-dates","Homepage practical answer and chart instructions"
"how to use the chinese gender calendar","chinese gender calendar","US","70","18","1 month","2026-10-09","/how-it-works/#start-with-regular-calendar-dates","Homepage practical answer and chart instructions"
"does the chinese gender calendar change every year","chinese gender calendar","US","40","41","1 month","2026-10-09","/chinese-gender-calendar-2027/#year-changes","Homepage answer and both annual guides"
"can the chinese gender calendar predict twins","chinese gender calendar","US","20","unavailable","refresh / unavailable","2026-10-09","/accuracy/#twins","Short limitation answer on accuracy page, no homepage duplication"
"what's my lunar age","lunar age","US","880","21","1 month","2026-10-09","/lunar-age-calculator/","Existing age guide, clearer calculation and plus-one questions"
"what is lunar age","lunar age","US","320","28","1 month","2026-10-09","/lunar-age-calculator/","Existing age guide, clearer calculation and plus-one questions"
"how to calculate lunar age","lunar age","US","260","29","1 month","2026-10-09","/lunar-age-calculator/","Existing age guide, clearer calculation and plus-one questions"
"how to determine lunar age","lunar age","US","210","25","1 month","2026-10-09","/lunar-age-calculator/","Existing age guide, clearer calculation and plus-one questions"
"how do i find my lunar age","lunar age","US","140","23","1 month","2026-10-09","/lunar-age-calculator/","Existing age guide, clearer calculation and plus-one questions"
"how to find out my lunar age","lunar age","US","140","11","1 month","2026-10-09","/lunar-age-calculator/","Existing age guide, clearer calculation and plus-one questions"
"what is a lunar age","lunar age","US","40","19","1 month","2026-10-09","/lunar-age-calculator/","Existing age guide, clearer calculation and plus-one questions"
"how to calculate lunar conception month","lunar month conception","US","50","unavailable","refresh / unavailable","2026-10-09","/how-it-works/#lunar-month-of-conception","Homepage short answer and detailed month examples"
"how to calculate lunar month of conception","lunar month conception","US","30","unavailable","refresh / unavailable","2026-10-09","/how-it-works/#lunar-month-of-conception","Homepage short answer and detailed month examples"
"what is lunar month of conception","lunar month conception","US","30","unavailable","refresh / unavailable","2026-10-09","/how-it-works/#lunar-month-of-conception","Homepage short answer and detailed month examples"
"how to determine lunar month of conception","lunar month conception","US","20","unavailable","refresh / unavailable","2026-10-09","/how-it-works/#lunar-month-of-conception","Homepage short answer and detailed month examples"
"what is my lunar month of conception","lunar month conception","US","20","unavailable","refresh / unavailable","2026-10-09","/how-it-works/#lunar-month-of-conception","Homepage short answer and detailed month examples"
