keyword,monthly_volume_us_estimate,kd,intent,cpc_usd,metrics_updated,observed_on,source
gender reveal ideas,"550,000",41,信息 I,0.13,1 个月,2026-10-09,Semrush via sem.seogroup.club
chinese gender calendar,"40,500",57,信息 I,0.51,1 个月,2026-10-09,Semrush via sem.seogroup.club
chinese calendar baby gender 2026,"33,100",45,信息 I,0.00,1 个月,2026-10-09,Semrush via sem.seogroup.club
chinese gender predictor,"18,100",65,信息 I,0.61,1 个月,2026-10-09,Semrush via sem.seogroup.club
chinese calculator for gender,"12,100",52,信息 I,0.61,1 个月,2026-10-09,Semrush via sem.seogroup.club
chinese gender calendar 2026,"12,100",59,信息 I,0.60,1 个月,2026-10-09,Semrush via sem.seogroup.club
chinese birth chart,"8,100",56,信息 I,0.55,1 个月,2026-10-09,Semrush via sem.seogroup.club
baby gender predictor,"5,400",47,信息 I,0.00,1 个月,2026-10-09,Semrush via sem.seogroup.club
gender reveal invitations,"5,400",20,商务 C,0.52,1 个月,2026-10-09,Semrush via sem.seogroup.club
chinese gender chart,"4,400",36,信息 I,0.58,1 个月,2026-10-09,Semrush via sem.seogroup.club
gender reveal games,"4,400",25,信息 I 商务 C,0.15,1 个月,2026-10-09,Semrush via sem.seogroup.club
chinese baby gender predictor,"2,400",51,信息 I,0.00,1 个月,2026-10-09,Semrush via sem.seogroup.club
lunar age calculator,"1,900",22,信息 I,0.82,1 个月,2026-10-09,Semrush via sem.seogroup.club
free baby gender predictor by due date,"1,600",50,信息 I,0.00,1 个月,2026-10-09,Semrush via sem.seogroup.club
gender reveal ideas for family,"1,300",18,信息 I,0.13,1 个月,2026-10-09,Semrush via sem.seogroup.club
old wives tales gender prediction,"1,000",13,信息 I,0.20,1 个月,2026-10-09,Semrush via sem.seogroup.club
chinese gender predictor 2026,720,59,信息 I,0.64,1 个月,2026-10-09,Semrush via sem.seogroup.club
how accurate is the chinese gender calendar,590,18,信息 I,0.71,1 个月,2026-10-09,Semrush via sem.seogroup.club
chinese age calculator,390,48,商务 C,0.00,1 个月,2026-10-09,Semrush via sem.seogroup.club
chinese lunar age calculator,390,39,信息 I,0.75,1 个月,2026-10-09,Semrush via sem.seogroup.club
how to use chinese calendar baby gender,390,44,信息 I,0.00,1 个月,2026-10-09,Semrush via sem.seogroup.club
how accurate is chinese gender predictor,320,22,信息 I,0.81,1 个月,2026-10-09,Semrush via sem.seogroup.club
lunar month of conception,320,38,信息 I,0.49,1 个月,2026-10-09,Semrush via sem.seogroup.club
gender reveal bingo,170,23,商务 C,0.00,1 个月,2026-10-09,Semrush via sem.seogroup.club
gender reveal games printable,170,3,信息 I,0.35,1 个月,2026-10-09,Semrush via sem.seogroup.club
chinese gender calendar 2027,110,59,信息 I,0.56,1 个月,2026-10-09,Semrush via sem.seogroup.club
gender reveal ideas at home,110,29,信息 I,0.17,1 个月,2026-10-09,Semrush via sem.seogroup.club
chinese calendar baby gender 2027,90,43,信息 I,0.00,1 个月,2026-10-09,Semrush via sem.seogroup.club
lunar calendar birthday converter,90,24,信息 I,0.00,1 个月,2026-10-09,Semrush via sem.seogroup.club
old wives tales gender reveal game,90,12,信息 I 商务 C,0.39,1 个月,2026-10-09,Semrush via sem.seogroup.club
free printable gender reveal games,70,6,信息 I,0.00,1 个月,2026-10-09,Semrush via sem.seogroup.club
chinese gender predictor 2027,40,36,信息 I,0.41,1 个月,2026-10-09,Semrush via sem.seogroup.club
chinese gender predictor based on conception date,20,不可用,不可用,0.00,要更新指标数据，请刷新,2026-10-09,Semrush via sem.seogroup.club
printable chinese gender chart,,,,,要更新指标数据，请刷新,2026-10-09,Semrush via sem.seogroup.club
chinese gender chart pdf,,,,,要更新指标数据，请刷新,2026-10-09,Semrush via sem.seogroup.club
what is my lunar age,"1,300",24,信息 I,1.43,1 个月,2026-10-09,Semrush via sem.seogroup.club
what is a lunar age,40,19,信息 I,0.00,1 个月,2026-10-09,Semrush via sem.seogroup.club
